Staff,Floor Space,Window,Car park,Demographic score,40min population,30 min population,20 min population,10 min population,Store age,Clearance space,Competition number,Competition score,location0,location1,location2,performance
0.018272425249169437,0.8629172195570074,0.875,1,0.0,0.26687212082276845,0.14817499536855538,0.009364184070101533,0.005481430423579958,0.1111111111111111,0.18269230769230782,0.6666666666666665,0.6666666666666665,0.0,0.0,0.0,1
0.016611295681063124,0.8673063182606922,0.875,1,0.11111111111111094,0.057746480330299166,0.015798611859083378,0.016549107346570224,0.01977347484708014,0.2222222222222222,0.8846153846153847,0.5555555555555554,1.0,1.0,1.0,1.0,1
0.0,0.2261916913340818,0.20833333333333393,0,0.2222222222222221,0.5847405287806513,0.30266814298454614,0.14419073509951175,0.026710836961440165,0.9999999999999999,0.09134615384615385,0.33333333333333326,0.8888888888888888,0.0,0.0,0.0,0
0.014950166112956811,0.7165458813922629,0.7083333333333339,0,0.4444444444444442,0.15413199757096496,0.024025350158761727,0.012834961095493425,0.005080521697133467,0.33333333333333337,0.2932692307692307,0.5555555555555554,0.2222222222222221,0.0,0.0,0.0,0
0.014950166112956811,0.12605899765234252,0.125,0,0.8888888888888888,0.3808588314769008,0.09103158429875613,0.004041865037936576,0.0058870281409793,0.5555555555555555,0.0,1.0,0.33333333333333326,0.0,0.0,1.0,0
0.014950166112956811,0.79779524344187,0.791666666666667,1,1.0,0.6044769557197671,0.3502610842319773,0.3039972012539047,0.4532284874956334,0.0,0.9326923076923078,0.7777777777777777,0.11111111111111094,1.0,0.0,0.0,1
0.016611295681063124,0.38195365928345426,0.375,1,0.7777777777777777,0.30310281294257724,0.05044181828365124,0.0009319935119977973,0.001974065191041152,0.33333333333333337,0.1346153846153847,0.11111111111111094,0.4444444444444442,0.0,1.0,1.0,0
0.018272425249169437,0.5686434622843728,0.5833333333333339,1,0.11111111111111094,0.022967209061500737,0.026662042402491926,0.005912765960389033,0.000743205065985908,0.2222222222222222,0.27884615384615385,0.2222222222222221,0.6666666666666665,1.0,0.0,0.0,1
0.018272425249169437,0.38756762274165557,0.375,1,0.2222222222222221,0.5241118969956726,0.3245274849316486,0.30441894905977906,0.1357908334915865,0.7777777777777778,0.08173076923076927,1.0,0.4444444444444442,0.0,0.0,0.0,1
0.014950166112956811,0.20404205368990502,0.20833333333333393,1,1.0,0.11441189523700168,0.03073232834573414,0.006750730453372045,0.001605979401262836,0.4444444444444444,0.10576923076923073,0.6666666666666665,0.8888888888888888,1.0,1.0,1.0,1
0.018272425249169437,0.34857609472287443,0.3333333333333339,1,0.5555555555555554,0.03719485764592578,0.03391725439341009,0.017269535565785032,0.003598800556114057,0.888888888888889,0.22115384615384615,0.5555555555555554,0.33333333333333326,0.0,0.0,0.0,1
0.016611295681063124,0.10196999081351432,0.08333333333333393,0,0.2222222222222221,0.5009781314430723,0.4310517903226503,0.441704082380483,0.025501077295671415,0.9999999999999999,0.009615384615384692,0.5555555555555554,0.0,0.0,1.0,0.0,0
0.016611295681063124,0.9034398285189345,0.916666666666667,1,0.8888888888888888,0.24856332095022027,0.18806250511613087,0.04441626646717767,0.0472697177930792,0.7777777777777778,0.17788461538461553,0.0,0.7777777777777777,0.0,0.0,0.0,1
0.016611295681063124,0.3832805961008472,0.375,1,0.2222222222222221,0.10585130539943033,0.10973723552296555,0.08026759552587803,0.02894514115034985,0.5555555555555555,0.20192307692307698,1.0,0.33333333333333326,1.0,0.0,1.0,1
0.011627906976744186,0.46095743594978056,0.4583333333333339,1,0.7777777777777777,0.21946248806431345,0.05644223188243447,0.06577744713978939,0.018514480776309128,0.888888888888889,0.2932692307692307,0.11111111111111094,1.0,0.0,1.0,0.0,0
0.013289036544850499,0.17883025415943665,0.16666666666666696,1,0.4444444444444442,0.013316243189029242,0.004193073082043419,0.00207970065585239,0.001465309672684878,0.4444444444444444,0.12019230769230782,0.11111111111111094,1.0,0.0,0.0,1.0,0
0.016611295681063124,0.43064203327549255,0.41666666666666696,1,0.8888888888888888,0.37758666885983283,0.010542460654261676,0.007700700101357816,0.011504439302184366,0.0,0.34615384615384615,0.6666666666666665,0.11111111111111094,1.0,0.0,0.0,1
0.013289036544850499,0.08563846075329185,0.08333333333333393,1,0.0,0.37438692210846036,0.12107350425877494,0.1350353507628106,0.07226203957039434,0.0,0.014423076923076983,0.0,0.8888888888888888,0.0,0.0,0.0,0
0.018272425249169437,0.525364907624783,0.541666666666667,1,0.5555555555555554,0.9756361992429436,1.0,0.5932456743194305,1.0,0.4444444444444444,0.5961538461538461,0.2222222222222221,0.33333333333333326,1.0,1.0,0.0,1
0.018272425249169437,0.2098601612738593,0.20833333333333393,0,0.4444444444444442,0.6249903014465585,0.5190535481174794,0.487902751869864,0.6943153018186252,0.33333333333333337,0.23557692307692302,0.11111111111111094,0.8888888888888888,0.0,0.0,1.0,1
0.013289036544850499,0.8792487496172299,0.875,1,0.2222222222222221,0.7152680576719954,0.30022640225066666,0.2941753171059529,0.08546623809289366,0.2222222222222222,0.701923076923077,0.11111111111111094,0.6666666666666665,0.0,1.0,0.0,1
0.014950166112956811,0.9138511789323263,0.916666666666667,1,0.11111111111111094,0.814073299339257,0.7916205317329359,1.0000000000000002,0.6380474103875216,0.9999999999999999,0.11057692307692302,0.0,0.7777777777777777,0.0,0.0,0.0,1
0.014950166112956811,0.8638358681228948,0.875,0,0.33333333333333326,0.15719932673935144,0.08236539729178971,0.06861767662590701,0.03508771929824528,0.7777777777777778,0.3173076923076924,0.11111111111111094,0.8888888888888888,1.0,0.0,1.0,1
0.013289036544850499,0.627436970501174,0.625,1,0.33333333333333326,0.7547243593523538,0.684097773029051,0.3217742169664304,0.3716142554702939,0.33333333333333337,0.35096153846153844,0.6666666666666665,0.8888888888888888,0.0,0.0,0.0,1
0.018272425249169437,0.9456976625497602,0.9583333333333339,1,0.6666666666666665,0.11048695531630726,0.07064030261644327,0.06880850022331897,0.09838675266276065,0.33333333333333337,0.4471153846153847,0.7777777777777777,1.0,0.0,1.0,0.0,1
0.011627906976744186,0.22067979993875686,0.20833333333333393,0,0.4444444444444442,0.7603593482158282,0.5972452597701943,0.073283175304661,0.03660695236688527,0.5555555555555555,0.16346153846153844,0.11111111111111094,0.6666666666666665,0.0,0.0,1.0,0
0.014950166112956811,0.3815453710319485,0.375,1,0.4444444444444442,0.37433002392827097,0.08296748510398144,0.09496654364536683,0.10583521479095293,0.33333333333333337,0.33653846153846156,0.33333333333333326,0.7777777777777777,1.0,0.0,0.0,1
0.013289036544850499,0.9112993773604166,0.916666666666667,1,0.4444444444444442,0.5342190828220257,0.48094429772219094,0.10232984550202517,0.015710464186659223,0.33333333333333337,0.028846153846153855,0.6666666666666665,0.8888888888888888,1.0,1.0,0.0,1
0.011627906976744186,0.6802082270082679,0.666666666666667,1,0.0,0.45922521230780045,0.3938031269791349,0.0038952903906490643,0.004775737285214632,0.4444444444444444,0.17788461538461553,0.8888888888888888,0.0,0.0,0.0,1.0,0
0.018272425249169437,0.2946820455241401,0.29166666666666696,0,0.7777777777777777,0.5637295826052953,0.26385555924156323,0.29126180029619153,0.23346017053860102,0.9999999999999999,0.1971153846153847,0.11111111111111094,0.33333333333333326,0.0,1.0,0.0,0
0.013289036544850499,0.6670409308972134,0.666666666666667,1,0.5555555555555554,0.9584446727268401,0.4965684225945568,0.5609646824239023,0.43363553880022776,0.0,0.15865384615384615,0.4444444444444442,0.6666666666666665,0.0,0.0,0.0,0
0.014950166112956811,0.8382157803409207,0.8333333333333339,0,0.0,0.878138581207669,0.7446738385844582,0.008841493346755547,0.013178409072259534,0.6666666666666666,0.033653846153846145,0.7777777777777777,0.6666666666666665,1.0,1.0,1.0,0
0.013289036544850499,0.8499540675717057,0.8333333333333339,1,0.5555555555555554,0.07314933496372489,0.093801834482937,0.08789500830359209,0.043778764028874484,0.888888888888889,1.0,0.2222222222222221,0.5555555555555554,0.0,0.0,0.0,0
0.016611295681063124,0.817086863325508,0.8333333333333339,1,0.6666666666666665,0.5044282301872778,0.06151097113855997,0.01371994009798394,0.020155627609716564,0.7777777777777778,0.389423076923077,0.0,0.11111111111111094,0.0,0.0,0.0,0
0.016611295681063124,0.9207920792079209,0.916666666666667,1,0.7777777777777777,0.5990912843367586,0.5908592514723687,0.590593502871342,0.06560132792223783,0.9999999999999999,0.15384615384615385,0.2222222222222221,0.6666666666666665,1.0,0.0,1.0,1
0.018272425249169437,0.6984791262631418,0.7083333333333339,1,0.33333333333333326,0.6898138808800389,0.2389383867062458,0.22501559084102052,0.042343932797381356,0.2222222222222222,0.8076923076923078,0.0,0.8888888888888888,0.0,1.0,0.0,1
0.018272425249169437,0.46269266101867923,0.4583333333333339,1,0.0,0.47216799653231445,0.057372829144927584,0.0037874335747205556,0.001873251885560201,0.7777777777777778,0.5048076923076924,0.7777777777777777,1.0,0.0,0.0,0.0,1
0.014950166112956811,0.17985097478820045,0.16666666666666696,0,0.2222222222222221,0.5428779513344693,0.5262613685811408,0.16625160229596747,0.2190720018005723,0.6666666666666666,0.09134615384615385,1.0,0.6666666666666665,0.0,0.0,1.0,1
0.013289036544850499,0.5071960804327855,0.5,1,0.7777777777777777,0.39096187925378545,0.40056288209418844,0.3446827281137088,0.23974107391959798,0.4444444444444444,0.3221153846153847,0.7777777777777777,0.33333333333333326,1.0,0.0,1.0,1
0.018272425249169437,0.7669694804531999,0.75,1,0.8888888888888888,0.6524555702801149,0.4178090896949278,0.24764478049063787,0.19461422499185277,0.33333333333333337,0.3076923076923078,0.0,0.0,0.0,1.0,0.0,1
0.018272425249169437,0.20445034194141076,0.20833333333333393,0,0.0,0.9899745406506462,0.8743941424072312,0.14606716714072965,0.21258478281766147,0.5555555555555555,0.1298076923076924,0.4444444444444442,0.33333333333333326,1.0,0.0,0.0,0
0.014950166112956811,0.1397366540777789,0.125,1,0.33333333333333326,0.7676350736934885,0.35599115070936493,0.19398463178650993,0.12087046428043902,0.9999999999999999,0.033653846153846145,0.0,0.33333333333333326,0.0,1.0,0.0,0
0.016611295681063124,0.7077676839848934,0.7083333333333339,1,0.0,0.71649498933935,0.14900327001538072,0.16421338503085692,0.20627808998642516,0.888888888888889,0.5913461538461539,0.5555555555555554,1.0,1.0,0.0,1.0,1
0.018272425249169437,0.289986730631826,0.29166666666666696,0,0.11111111111111094,0.84307275001319,0.15265026345380828,0.18678173237405304,0.28868241698727637,0.0,0.11057692307692302,0.6666666666666665,0.6666666666666665,0.0,0.0,0.0,1
0.018272425249169437,0.49770337858528135,0.5,1,0.5555555555555554,0.8923403669829171,0.1071780930511097,0.07431196339505619,0.01342692559274683,0.2222222222222222,0.30288461538461553,1.0,0.7777777777777777,0.0,0.0,0.0,1
0.011627906976744186,0.15310809431458616,0.125,1,0.2222222222222221,0.5047965165899575,0.004636830109991497,0.003624265571136487,0.0032611932075274908,0.1111111111111111,0.043269230769230727,0.4444444444444442,0.7777777777777777,1.0,1.0,1.0,0
0.011627906976744186,0.09860161273859358,0.08333333333333393,1,0.4444444444444442,0.3173294270146352,0.3298051777397688,0.10857862692742204,0.13340882608767002,0.6666666666666666,0.009615384615384692,0.33333333333333326,0.2222222222222221,0.0,0.0,0.0,0
0.011627906976744186,0.8238236194753497,0.8333333333333339,0,0.2222222222222221,0.3177504735480361,0.10096226341934189,0.12786425528325562,0.16312296175424512,0.6666666666666666,0.7451923076923078,0.6666666666666665,1.0,0.0,1.0,0.0,1
0.014950166112956811,0.437582933551087,0.41666666666666696,1,0.5555555555555554,0.29855199303980084,0.22572584432314136,0.007213961649988221,0.004159134974949019,0.4444444444444444,0.40865384615384615,0.5555555555555554,0.0,1.0,0.0,0.0,0
0.018272425249169437,0.3283658262733491,0.3333333333333339,1,1.0,0.21667551174740507,0.05920278834513093,0.0006070402845208545,0.0008369848850375838,0.6666666666666666,0.34615384615384615,0.11111111111111094,0.11111111111111094,0.0,0.0,1.0,0
0.018272425249169437,0.07165458813922632,0.04166666666666696,1,0.7777777777777777,0.42221863591268294,0.2844697965180152,0.31254554530608525,0.3806053956218891,0.6666666666666666,0.08173076923076927,0.33333333333333326,0.0,0.0,1.0,1.0,0
0.014950166112956811,0.3638869041543329,0.375,1,0.6666666666666665,0.7711762095259969,0.3731490377365807,0.3212584401415415,0.24263887032829956,0.7777777777777778,0.038461538461538436,1.0,0.7777777777777777,0.0,0.0,0.0,1
0.5016611295681063,0.5084209451873023,0.5,1,0.11111111111111094,0.038447652122457265,0.027075641185822175,0.0017630441065239477,0.0018544959217501322,0.1111111111111111,0.5288461538461539,0.4444444444444442,0.8888888888888888,1.0,0.0,0.0,1
0.011627906976744186,0.08900683882821281,0.08333333333333393,0,0.0,0.4354572906741814,0.36516464247401004,0.22450396235520587,0.24164714874182636,0.1111111111111111,0.019230769230769273,0.33333333333333326,0.4444444444444442,0.0,0.0,0.0,0
0.016611295681063124,0.14963764417678882,0.125,1,0.0,0.8026377996335756,0.31838920507175517,0.030454339923200457,0.003151001920141727,0.5555555555555555,0.1346153846153847,0.2222222222222221,0.5555555555555554,0.0,1.0,0.0,0
0.014950166112956811,0.18638358681228961,0.16666666666666696,1,0.7777777777777777,0.6740965344870216,0.6026360459956315,0.6178522389277374,0.932424606886721,0.6666666666666666,0.0,0.8888888888888888,0.5555555555555554,0.0,0.0,1.0,0
0.014950166112956811,0.35316933755231195,0.3333333333333339,1,0.0,0.9112895300106865,0.44711536390230466,0.4461123840366381,0.19878508244418347,0.33333333333333337,0.009615384615384692,0.11111111111111094,0.0,1.0,0.0,0.0,0
0.013289036544850499,0.19342655915076046,0.16666666666666696,1,0.6666666666666665,0.6703060811740473,0.12151079880573357,0.03708615132311288,0.042944123639313325,0.2222222222222222,0.09134615384615385,0.0,0.2222222222222221,0.0,1.0,0.0,0
0.014950166112956811,0.6326426457078698,0.625,1,0.8888888888888888,0.816500265352422,0.11295231981525933,0.014654699169364349,0.012897069615104062,0.1111111111111111,0.7211538461538461,0.7777777777777777,0.5555555555555554,0.0,0.0,1.0,0
0.011627906976744186,0.25844646320302145,0.25,1,0.2222222222222221,0.3400752504295812,0.2348465591597051,0.20127188076014169,0.15707885241635422,0.888888888888889,0.20192307692307698,0.2222222222222221,0.5555555555555554,1.0,1.0,1.0,1
0.014950166112956811,0.9201796468306624,0.916666666666667,0,0.6666666666666665,0.052194252456190915,0.048712027538785785,0.055432872268491584,0.0791454782887997,0.888888888888889,0.6875000000000001,0.2222222222222221,0.4444444444444442,0.0,0.0,0.0,1
0.011627906976744186,0.6106971521894458,0.625,1,0.33333333333333326,0.5669034665474908,0.4971026543563586,0.47915113920304875,0.7457769775233216,0.5555555555555555,0.12019230769230782,0.4444444444444442,0.6666666666666665,0.0,0.0,0.0,0
0.013289036544850499,0.4378891497397164,0.41666666666666696,1,0.33333333333333326,0.9936522321156089,0.4254649755071971,0.4432334367191617,0.2250340537967932,0.1111111111111111,0.22115384615384615,0.2222222222222221,0.11111111111111094,1.0,0.0,0.0,1
0.013289036544850499,0.23384709604981113,0.20833333333333393,1,0.2222222222222221,0.061911427120155516,0.09185662770508696,0.07778965431890494,0.06745113485303511,0.4444444444444444,0.0673076923076924,0.6666666666666665,0.11111111111111094,1.0,1.0,1.0,0
0.016611295681063124,0.5328161682147596,0.541666666666667,1,0.6666666666666665,0.07195136964264837,0.008451848054147115,0.004015592223800102,0.0011886592064818124,0.9999999999999999,0.5913461538461539,0.6666666666666665,0.6666666666666665,0.0,1.0,0.0,1
0.011627906976744186,0.9414106359089518,0.9583333333333339,1,0.7777777777777777,0.9344843317929445,0.38724263169459183,0.4156580441134379,0.3586796739275693,0.0,0.6538461538461539,0.5555555555555554,0.6666666666666665,0.0,0.0,1.0,1
0.016611295681063124,0.4859650913544964,0.5,1,0.5555555555555554,0.32610209188745753,0.09510725564282296,0.04890200378605081,0.06035434704628706,0.0,0.23557692307692302,0.4444444444444442,0.33333333333333326,1.0,0.0,0.0,1
0.013289036544850499,0.3712360926814331,0.375,0,0.11111111111111094,0.03261817493397223,0.005936865869052843,0.0032011349855707305,0.004663201502352443,0.6666666666666666,0.4375000000000001,0.4444444444444442,0.11111111111111094,0.0,1.0,0.0,0
0.014950166112956811,0.6916402980504237,0.7083333333333339,1,0.8888888888888888,0.9101981194634192,0.7060228168662137,0.5028907009448536,0.3740478417746891,0.9999999999999999,0.09134615384615385,0.5555555555555554,0.5555555555555554,0.0,0.0,0.0,1
0.013289036544850499,0.3906297846279474,0.375,1,1.0,0.8881702476312252,0.5628767087876816,0.7026553518413785,0.5475053395884473,0.0,0.1298076923076924,0.0,0.5555555555555554,0.0,0.0,1.0,0
0.011627906976744186,0.5924262529345719,0.5833333333333339,0,0.4444444444444442,0.406360595837743,0.4390275689439014,0.2568139926242532,0.10999200527042552,0.5555555555555555,0.5528846153846155,0.2222222222222221,0.11111111111111094,0.0,0.0,0.0,0
0.018272425249169437,0.29968357660508316,0.29166666666666696,1,0.7777777777777777,0.556372130650636,0.5478245134828896,0.6186224472158421,0.594034196811017,0.33333333333333337,0.24519230769230782,0.4444444444444442,0.8888888888888888,1.0,0.0,0.0,1
0.011627906976744186,0.39981627028682265,0.375,0,1.0,0.058797544895250464,0.028159183831734325,0.014210826888427786,0.003573011105875157,0.6666666666666666,0.22596153846153844,0.2222222222222221,0.8888888888888888,1.0,1.0,1.0,1
0.018272425249169437,0.5254669796876594,0.541666666666667,1,0.11111111111111094,0.07570354599804063,0.02550956662602477,0.004395856638932827,0.0017372711479350933,0.4444444444444444,0.22115384615384615,0.33333333333333326,1.0,0.0,1.0,0.0,1
0.011627906976744186,0.2524242114933144,0.25,0,0.7777777777777777,0.3309818867229648,0.11615124790507902,0.12992736258281123,0.10516937807568505,0.9999999999999999,0.019230769230769273,0.5555555555555554,0.6666666666666665,0.0,0.0,0.0,0
0.014950166112956811,0.0,0.0,0,0.5555555555555554,0.23579123126627421,0.2754050898500273,0.2553551600498354,0.17020099359718266,0.33333333333333337,0.0,0.4444444444444442,0.2222222222222221,0.0,0.0,1.0,0
0.011627906976744186,0.8859855057670716,0.875,0,0.6666666666666665,0.8966635941649364,0.0,0.0,8.909082809926971e-05,0.1111111111111111,0.09615384615384615,0.8888888888888888,0.4444444444444442,1.0,1.0,0.0,0
0.014950166112956811,0.42604879044605504,0.41666666666666696,1,0.7777777777777777,0.4609900904060358,0.4087239185038065,0.019126608691323543,0.002182725288431442,0.2222222222222222,0.10096153846153844,0.6666666666666665,1.0,0.0,0.0,1.0,1
0.016611295681063124,0.2061855670103092,0.20833333333333393,1,0.11111111111111094,0.2218015205262771,0.24544287382221297,0.10537057804339445,0.08896891433447962,0.9999999999999999,0.17307692307692302,0.6666666666666665,0.11111111111111094,1.0,0.0,0.0,1
0.016611295681063124,0.5447585995712974,0.541666666666667,1,0.2222222222222221,0.059142037513487455,0.018323287765661833,0.005167447706729167,0.006466118523624331,0.888888888888889,0.3701923076923078,0.2222222222222221,0.4444444444444442,0.0,1.0,0.0,1
0.011627906976744186,0.042257834030825725,0.04166666666666696,0,0.6666666666666665,0.21422475194979707,0.17052548587086247,0.14536886339657706,0.07665327959749701,0.7777777777777778,0.05288461538461531,0.2222222222222221,0.8888888888888888,0.0,0.0,0.0,0
0.013289036544850499,0.28416862304787194,0.29166666666666696,0,0.33333333333333326,0.4668733622376089,0.4821290859036056,0.10567202401611775,0.08655877298484738,0.33333333333333337,0.1923076923076924,0.2222222222222221,1.0,0.0,0.0,0.0,1
0.011627906976744186,0.6716341737266511,0.666666666666667,0,0.2222222222222221,0.9326408307548113,0.5890960712423905,0.7560845763370445,0.6988425225833526,0.4444444444444444,0.3846153846153847,0.7777777777777777,0.4444444444444442,0.0,0.0,1.0,0
0.013289036544850499,0.3277533938960906,0.3333333333333339,1,1.0,0.5944442547838438,0.5571272548673254,0.12551214702819902,0.15215775641160878,0.2222222222222222,0.20673076923076927,0.5555555555555554,0.7777777777777777,1.0,1.0,0.0,0
0.013289036544850499,0.4516688782280289,0.4583333333333339,1,0.7777777777777777,0.5250884766701944,0.48088828955361484,0.337193593305134,0.10825004513153802,0.33333333333333337,0.5336538461538461,0.7777777777777777,0.8888888888888888,1.0,0.0,0.0,0
0.011627906976744186,0.07471675002551814,0.08333333333333393,1,0.2222222222222221,0.6073829009588896,0.015921398997884584,0.01888462224533005,0.02692418604978286,0.6666666666666666,0.009615384615384692,0.0,0.6666666666666665,0.0,0.0,1.0,0
0.016611295681063124,0.9913238746555069,1.0,0,0.0,0.04172809083846185,0.010004997651965164,0.0005821502500757969,0.0013855968264908647,0.888888888888889,0.8701923076923078,0.8888888888888888,0.8888888888888888,0.0,0.0,1.0,1
0.014950166112956811,0.8002449729509034,0.791666666666667,0,0.0,0.05742785052123911,0.08533706146681097,0.08404120130368486,0.0881858528453967,0.7777777777777778,0.3750000000000001,0.33333333333333326,0.0,1.0,1.0,0.0,1
0.018272425249169437,0.7380830866591814,0.75,1,0.7777777777777777,0.8095462732209233,0.0582054121124127,0.02270662531233536,0.030551120551612687,0.6666666666666666,0.6586538461538461,0.7777777777777777,1.0,0.0,1.0,0.0,1
0.013289036544850499,0.29754006328467897,0.29166666666666696,1,0.2222222222222221,0.6570001831086889,0.5676352489563095,0.6461121074807001,0.25106029807915453,0.888888888888889,0.264423076923077,0.5555555555555554,0.0,0.0,0.0,0.0,0
0.014950166112956811,0.9290599163009086,0.916666666666667,1,0.2222222222222221,0.7915498960832328,0.0009209035410087107,0.0005060973670492075,0.00011722477381459484,0.2222222222222222,0.298076923076923,1.0,0.33333333333333326,0.0,0.0,0.0,1
0.016611295681063124,0.36368276002858013,0.375,0,0.6666666666666665,0.5370205423120731,0.18736671132959093,0.08774290253753914,0.021201272592144438,0.33333333333333337,0.24519230769230782,1.0,0.11111111111111094,1.0,0.0,1.0,0
0.014950166112956811,0.9225273042768194,0.916666666666667,1,0.5555555555555554,0.44445444473065954,0.4249749040321573,0.2275792643888599,0.3196578912200989,0.5555555555555555,0.6634615384615384,0.0,0.33333333333333326,0.0,1.0,0.0,0
0.013289036544850499,0.8605695621108502,0.875,1,0.4444444444444442,0.8117880615203814,0.7139921330064753,0.6886713008223391,0.025679258951869954,0.2222222222222222,0.4807692307692307,0.8888888888888888,0.4444444444444442,0.0,0.0,0.0,1
0.016611295681063124,0.7613555169949986,0.75,1,0.4444444444444442,0.43600972027820095,0.26481092934784956,0.17319177356706006,0.06266133059496237,0.1111111111111111,0.5384615384615384,0.33333333333333326,0.7777777777777777,0.0,1.0,1.0,1
0.011627906976744186,0.6401959783607227,0.625,1,0.5555555555555554,0.154079237440244,0.039918745072358375,0.045674595986343824,0.0729700772042361,0.2222222222222222,0.1250000000000001,1.0,0.7777777777777777,1.0,0.0,1.0,1
0.011627906976744186,0.8073900173522508,0.791666666666667,1,0.11111111111111094,0.7696534073216579,0.31995527963155235,0.2195024482114436,0.17828481399945106,0.7777777777777778,0.9038461538461539,0.8888888888888888,0.0,1.0,0.0,0.0,0
0.011627906976744186,0.9703991017658467,0.9583333333333339,0,0.8888888888888888,0.7094240973103714,0.570225626752948,0.2528371182318121,0.3882531398655664,0.2222222222222222,0.6971153846153847,0.2222222222222221,1.0,0.0,0.0,0.0,0
0.018272425249169437,0.19597836072267016,0.16666666666666696,1,0.0,0.24752156699657268,0.05114084331068591,0.032189728435896514,0.026319306216898486,0.9999999999999999,0.04807692307692302,0.5555555555555554,0.11111111111111094,0.0,1.0,0.0,1
0.016611295681063124,0.08441359599877507,0.08333333333333393,1,0.11111111111111094,0.5372036510010458,0.5687187916022214,0.5616049094210165,0.4898049614213269,0.4444444444444444,0.019230769230769273,0.8888888888888888,0.4444444444444442,1.0,0.0,0.0,1
0.013289036544850499,0.9340614473818516,0.9583333333333339,1,0.8888888888888888,0.2395723739679445,0.1022095222503221,0.023404929056487944,0.0014934436184002031,0.7777777777777778,0.3173076923076924,1.0,0.4444444444444442,0.0,0.0,1.0,1
0.013289036544850499,0.7318566908237216,0.75,1,0.33333333333333326,0.5728757064426326,0.2563063043656213,0.09117772729095486,0.12663557865665087,0.6666666666666666,0.8461538461538461,0.6666666666666665,1.0,0.0,0.0,0.0,1
0.013289036544850499,0.29978564866795954,0.29166666666666696,1,0.11111111111111094,0.11727956351854196,0.11419096200492018,0.0818301365771501,0.1202796514204123,0.4444444444444444,0.028846153846153855,1.0,0.6666666666666665,0.0,1.0,0.0,0
0.011627906976744186,0.5783403082576299,0.5833333333333339,0,0.4444444444444442,0.8850273990600421,0.019001848269563082,0.014132008446018363,0.015098550867346017,0.2222222222222222,0.6442307692307693,0.4444444444444442,0.8888888888888888,1.0,1.0,1.0,1
0.014950166112956811,0.11493314279881606,0.08333333333333393,1,0.8888888888888888,0.015897351544889027,0.0017050179010724698,0.0005918297079154922,0.0,0.1111111111111111,0.028846153846153855,0.8888888888888888,0.0,0.0,0.0,1.0,0
0.018272425249169437,0.6143717464529959,0.625,1,0.7777777777777777,0.0035980340126975374,0.0009661409079355643,0.0017257090548563614,0.0030431551282319447,0.33333333333333337,0.33653846153846156,0.5555555555555554,0.0,0.0,0.0,0.0,1
0.014950166112956811,0.5831376952128202,0.5833333333333339,1,0.4444444444444442,0.10910588130625798,0.14197209069876648,0.09967629127424549,0.08035289345909202,0.5555555555555555,0.2596153846153847,0.33333333333333326,0.11111111111111094,0.0,0.0,0.0,0
1.0,0.7830968663876698,0.791666666666667,1,0.4444444444444442,0.32387582127350534,0.3186606292733156,0.12908524975075397,0.2115625827899965,0.0,0.5384615384615384,0.6666666666666665,0.8888888888888888,0.0,1.0,0.0,1
0.018272425249169437,0.44850464427886094,0.4583333333333339,0,0.33333333333333326,0.27995456421683795,0.17949433240417223,0.21863821090432412,0.10655028591122306,0.7777777777777778,0.5240384615384616,0.11111111111111094,1.0,0.0,0.0,0.0,1
0.011627906976744186,0.949576400939063,0.9583333333333339,0,0.6666666666666665,0.5197141849232236,0.478177278778505,0.31539130591096853,0.24006695879080286,0.0,0.576923076923077,0.2222222222222221,0.11111111111111094,1.0,0.0,1.0,0
0.011627906976744186,0.9712156782688579,0.9583333333333339,0,1.0,0.610237120579658,0.18760582312620366,0.025853831889941947,0.03323322337649559,0.2222222222222222,0.11057692307692302,0.0,0.33333333333333326,0.0,0.0,0.0,0
0.018272425249169437,0.9039501888333163,0.916666666666667,1,1.0,0.4117483362454857,0.10619148762004071,0.10818315193568417,0.06478778799196316,0.7777777777777778,0.21634615384615385,0.0,0.11111111111111094,0.0,1.0,0.0,0
0.014950166112956811,0.4319689700928857,0.41666666666666696,1,0.2222222222222221,0.5464283977782811,0.3371562498653651,0.2027597517080788,0.2322574443592611,0.6666666666666666,0.4423076923076924,1.0,0.4444444444444442,1.0,1.0,1.0,1
0.011627906976744186,1.0000000000000002,1.0,1,0.6666666666666665,0.23749300411011753,0.12677879789236957,0.06511371288792156,0.09116101760481632,0.7777777777777778,0.7836538461538461,0.5555555555555554,0.5555555555555554,0.0,0.0,0.0,1
0.013289036544850499,0.5808921098295396,0.5833333333333339,1,1.0,0.8290282101177378,0.011587228414236428,0.005251797267904035,0.0032822936668144287,0.9999999999999999,0.5913461538461539,0.5555555555555554,0.5555555555555554,0.0,0.0,1.0,0
0.011627906976744186,0.915076043686843,0.916666666666667,1,0.0,0.6381824031515384,0.05945159386322807,0.034977412293741184,0.022922132271745888,0.6666666666666666,0.22596153846153844,1.0,0.33333333333333326,0.0,1.0,0.0,0
0.013289036544850499,0.18668980300091875,0.16666666666666696,1,0.7777777777777777,0.3504824448423869,0.3562485728687814,0.32770081072373314,0.2371738513730537,0.0,0.16826923076923073,0.11111111111111094,0.11111111111111094,1.0,0.0,0.0,0
0.013289036544850499,0.35316933755231195,0.3333333333333339,0,0.6666666666666665,0.11911168492063728,0.12534951251351734,0.015542443731237476,0.012329701709840268,0.9999999999999999,0.2500000000000001,0.5555555555555554,0.5555555555555554,0.0,0.0,1.0,1
0.011627906976744186,0.40981933244870894,0.41666666666666696,1,0.7777777777777777,1.0,0.8659832233993512,0.6374158060015407,0.6803538312572823,0.1111111111111111,0.3076923076923078,0.33333333333333326,0.7777777777777777,0.0,1.0,0.0,0
0.018272425249169437,0.18546493824640198,0.16666666666666696,1,1.0,0.9860837396380657,0.2518698111663056,0.17669850286442812,0.20251048575601782,0.888888888888889,0.05288461538461531,0.11111111111111094,0.0,1.0,0.0,0.0,0
0.013289036544850499,0.8598550576707156,0.875,1,0.7777777777777777,0.6647062657310536,0.31457418712759955,0.29678462238360814,0.4480659084568295,0.7777777777777778,0.5240384615384616,0.6666666666666665,0.4444444444444442,1.0,0.0,1.0,0
0.011627906976744186,0.7665611922016944,0.75,1,0.6666666666666665,0.18286764759129315,0.22059032609679075,0.24501473351761183,0.1449718777767619,0.7777777777777778,0.4326923076923078,0.6666666666666665,0.33333333333333326,0.0,0.0,0.0,0
0.013289036544850499,0.7603347963662346,0.75,0,0.33333333333333326,0.6481695855433103,0.6391221365823816,0.2565443505844318,0.20427354635419226,0.1111111111111111,0.5913461538461539,1.0,0.7777777777777777,0.0,0.0,0.0,1
0.014950166112956811,0.6336633663366338,0.625,1,0.4444444444444442,0.688636605806304,0.11737696513276097,0.05109509237659737,0.019323331715631387,0.0,0.3557692307692307,0.8888888888888888,0.5555555555555554,0.0,1.0,0.0,1
0.014950166112956811,0.49913238746555066,0.5,1,0.0,0.00426012192762748,0.029947136905505545,0.002789066637536086,0.00515554555237463,0.2222222222222222,0.22115384615384615,0.4444444444444442,0.6666666666666665,0.0,0.0,1.0,0
0.013289036544850499,0.17842196590793113,0.16666666666666696,1,0.11111111111111094,0.5453897473617348,0.44516908004428957,0.3441157884402384,0.4479955735925407,0.33333333333333337,0.05288461538461531,0.8888888888888888,0.8888888888888888,1.0,1.0,0.0,1
0.018272425249169437,0.3915484331938348,0.375,1,0.8888888888888888,0.5753647431978226,0.022899801386417673,0.023684250554149022,0.03198829627858224,0.6666666666666666,0.326923076923077,0.33333333333333326,0.7777777777777777,0.0,0.0,0.0,1
0.018272425249169437,0.0008165765030112571,0.0,1,1.0,0.5287765132588278,0.510413211034471,0.6395618800825795,0.9019344432174918,0.4444444444444444,0.0,0.6666666666666665,0.8888888888888888,1.0,0.0,1.0,1
0.011627906976744186,0.18495457793202008,0.16666666666666696,0,0.8888888888888888,0.0,0.016809990133945796,0.005846392535202138,0.008430805732760227,0.888888888888889,0.0,0.2222222222222221,0.4444444444444442,0.0,0.0,1.0,0
0.014950166112956811,0.4131877105236297,0.41666666666666696,0,0.33333333333333326,0.6565729295010858,0.25867157240779126,0.1959177577950748,0.09621574985171044,0.4444444444444444,0.009615384615384692,0.8888888888888888,0.4444444444444442,0.0,1.0,0.0,0
0.013289036544850499,0.11564764723895071,0.125,0,0.5555555555555554,0.6490158166595803,0.45641379696608064,0.5233738165134316,0.37729262351388293,0.33333333333333337,0.014423076923076983,0.33333333333333326,0.8888888888888888,1.0,0.0,0.0,0
0.014950166112956811,0.6244768806777585,0.625,1,1.0,0.3900639225191618,0.38651883382376395,0.2769320543543041,0.14938187376767464,0.5555555555555555,0.6778846153846155,0.8888888888888888,0.8888888888888888,0.0,0.0,1.0,0
0.013289036544850499,0.5556803102990713,0.541666666666667,2,0.7777777777777777,0.435200731607146,0.2639621901778906,0.17569875314755246,0.10585865974571584,0.9999999999999999,0.2932692307692307,0.4444444444444442,0.0,1.0,1.0,0.0,0
0.018272425249169437,0.4487087884046137,0.4583333333333339,2,0.8888888888888888,0.6992672548903986,0.33077024156753954,0.22075386383215267,0.04908904628268518,0.6666666666666666,0.36538461538461553,0.8888888888888888,0.33333333333333326,0.0,0.0,0.0,1
